{"c0": 2.033034593371491, "c1": 0.905071935873422, "c2": 0.905071935873422, "c3": 0.905071935873422, "c4": 0.905071935873422, "c5": 1.3810552619168148, "c6": 1.3810552619168148, "c7": 0.7108404402925079, "c8": 0.7108404402925079, "c9": 0.7108404402925079, "c10": 0.7108404402925079, "c11": 0.7108404402925079, "c12": 1.5503492567026944, "c13": 1.5503492567026944, "c14": 1.1114339371152264, "c15": 1.1114339371152264, "c16": 1.1114339371152264, "c17": 0.8781109996279209, "c18": 0.8781109996279209, "c19": 0.8781109996279209, "c20": 0.8392465248224144, "c21": 0.8392465248224144, "c22": 0.8392465248224144, "c23": 0.8392465248224144, "c24": 0.3164821547134681, "c25": 0.3164821547134681, "c26": 0.3164821547134681, "c27": 0.3164821547134681, "c28": 0.3164821547134681, "c29": 0.3164821547134681, "c30": 0.3164821547134681, "c31": 0.3164821547134681, "c32": 0.3164821547134681, "c33": 0.3164821547134681, "c34": 0.3164821547134681, "c35": 0.6788173515024207, "c36": 0.6788173515024207, "c37": 0.6788173515024207, "c38": 0.6788173515024207, "c39": 0.6788173515024207, "c40": 0.5803048503125846, "c41": 0.5803048503125846, "c42": 0.5803048503125846, "c43": 0.5803048503125846, "c44": 0.5803048503125846, "c45": 0.5803048503125846, "c46": 0.9770669698591592, "c47": 0.9770669698591592, "c48": 0.9770669698591592, "c49": 0.9770669698591592}