{"c0": 2.001899180660597, "c1": 0.9234543270023857, "c2": 0.9234543270023857, "c3": 0.9234543270023857, "c4": 0.9234543270023857, "c5": 2.1214591508540424, "c6": 0.6111788881154395, "c7": 0.6111788881154395, "c8": 0.6111788881154395, "c9": 0.6111788881154395, "c10": 0.6111788881154395, "c11": 0.6111788881154395, "c12": 1.2537711888901544, "c13": 1.2537711888901544, "c14": 1.2537711888901544, "c15": 1.4359001835519525, "c16": 1.4359001835519525, "c17": 1.3661459317711098, "c18": 1.3661459317711098, "c19": 0.8106232460574458, "c20": 0.8106232460574458, "c21": 0.8106232460574458, "c22": 0.8106232460574458, "c23": 0.8106232460574458, "c24": 0.3795620426223749, "c25": 0.3795620426223749, "c26": 0.3795620426223749, "c27": 0.3795620426223749, "c28": 0.3795620426223749, "c29": 0.3795620426223749, "c30": 0.3795620426223749, "c31": 0.3795620426223749, "c32": 0.3795620426223749, "c33": 0.3795620426223749, "c34": 0.6921643420695351, "c35": 0.6921643420695351, "c36": 0.6921643420695351, "c37": 0.6921643420695351, "c38": 0.6921643420695351, "c39": 0.5189611220881936, "c40": 0.5189611220881936, "c41": 0.5189611220881936, "c42": 0.5189611220881936, "c43": 0.5189611220881936, "c44": 0.5189611220881936, "c45": 0.5189611220881936, "c46": 0.9816086106551065, "c47": 0.9816086106551065, "c48": 0.9816086106551065, "c49": 0.9816086106551065}