{"1": 2.3191343710659664, "2": 2.0382272061634334, "3": 2.081270762762856, "4": 2.165125708131283, "5": 2.401885741087494, "6": 2.0686692144487204, "7": 2.132289152426348, "8": 1.9284394360403594, "9": 1.8260304062318042, "10": 2.600521693762346, "11": 2.8396078900905577, "12": 1.8914175000495987, "13": 1.9669862701559069, "14": 1.7494933520676519, "15": 2.516127482301514, "16": 2.4539319093125838, "17": 1.8894385789111314, "18": 2.4959499384640322, "19": 1.9083822352156161, "20": 1.9866245702478222, "21": 2.443157468808878, "22": 2.1400515705305057, "23": 1.9899250549358842, "24": 2.46229036602852, "25": 2.6379114456637756, "26": 2.950760940797834, "27": 2.1098273849810036, "28": 2.1202939179836884, "29": 1.935674406114122, "30": 2.098652077600779, "31": 2.4595538411565916, "32": 2.0761840018209936, "33": 2.709875742094425, "34": 1.995840367804046, "35": 2.318440301564364, "36": 2.3114855797255216, "37": 2.4669282289214136, "38": 1.5054494642026288, "39": 2.282124147336052, "40": 1.9644039279643888, "41": 1.9474948433317907, "42": 2.6219510493515137, "43": 2.138199201302116, "44": 2.564374622291599, "45": 2.70927531390125, "46": 2.650472716961105, "47": 2.2986784121536608, "48": 1.9469555975753123, "49": 2.2877492846301055, "50": 2.3950944850329043, "51": 2.6746696948417923, "52": 1.9166743387449923, "53": 2.390916111889838, "54": 2.7062079656461315, "55": 2.2744368693401893, "56": 2.0037153443182754, "57": 2.6640495969581846, "58": 2.748529895544463, "59": 2.749451565829212, "60": 2.719627932735405, "61": 2.1375069146951775, "62": 2.4013371542997315, "63": 2.607960898420624, "64": 1.754801689108853, "65": 1.9896543800931297, "66": 3.0513243533280177, "67": 2.3857836371050483, "68": 1.503374846578902, "69": 2.3852699632658054, "70": 2.056530944138328, "71": 1.8776972851915759, "72": 2.273437931769928, "73": 2.5628580874919846, "74": 2.5317694020383255, "75": 1.614160920764678, "76": 1.643940855339822, "77": 2.2494021342867487, "78": 2.2515675242234328, "79": 2.1075714810931068, "80": 2.136961594064394, "81": 2.5132348536031524, "82": 2.253832306070307, "83": 2.435785236452071, "84": 2.4463698114352703, "85": 1.964523188244645, "86": 2.4913370898665708, "87": 2.4599264889102908, "88": 1.9726116743354656, "89": 2.259208002175591, "90": 3.3845416609039534, "91": 2.838247123177806, "92": 2.592570913211391, "93": 2.458669936737329, "94": 3.3070607794962346, "95": 3.0999175245117363, "96": 1.9922670210530284, "97": 2.50148139643257, "98": 2.6979830019720605, "99": 2.322128557192709, "100": 2.632327623861801, "101": 2.1877437032038007, "102": 3.125520839898269, "103": 2.5720663226304654, "104": 1.79604413145019, "105": 1.7250427503331187, "106": 2.2951164883878343, "107": 1.957293683411354, "108": 2.248565700995011, "109": 2.537374668878397, "110": 2.605468893956794, "111": 1.8162172108343044, "112": 2.237932351210872, "113": 3.1337938569314736, "114": 3.0516861163521605, "115": 2.2453008149871545, "116": 2.4242978337645056, "117": 2.707241918985301, "118": 3.046311058030866, "119": 3.0281810190097755, "120": 2.008959719182484, "121": 3.2479955418791637, "122": 2.259835209855701, "123": 2.6538951532270696, "124": 2.488247052098146, "125": 2.487243848718811, "126": 2.347832996850548, "127": 2.3137840437515833, "128": 2.1442541728149402, "129": 2.7252243738002058, "130": 3.631627674490358, "131": 2.8739848903538254, "132": 1.944966975138948, "133": 3.377670494706073, "134": 2.4839918171740667, "135": 1.605655149758036, "136": 2.5297025027534517, "137": 2.426254800152058, "138": 2.954718815186352, "139": 2.969143864654098, "140": 2.315171156574562, "141": 2.402868616577609, "142": 1.666774421174685, "143": 2.728452883148238, "144": 3.128804852358004, "145": 2.5806891232306217, "146": 2.9458033112752884, "147": 2.0071741557289653, "148": 2.681971422595096, "149": 2.3760353858075205, "150": 1.8345833185047011, "151": 2.977635365189627, "152": 2.216571284664075, "153": 2.600809362540267, "154": 3.7524585503716312, "155": 2.4610645185970403, "156": 2.828842845738006, "157": 2.429501076655249, "158": 1.8861054241833781, "159": 3.357464624749253, "160": 2.4677155689035746, "161": 2.180931839544111, "162": 3.275350318081746, "163": 2.3973875946173835, "164": 2.933030357928094, "165": 3.0895117509685446, "166": 2.453263737304724, "167": 2.1504632608238334, "168": 2.6433546044819316, "169": 3.0408659365256363, "170": 2.6446053932637135, "171": 2.886053538187424, "172": 2.9468746984502063, "173": 2.3449525134284537, "174": 2.4896466925387166, "175": 2.7524360872301714, "176": 2.1700665763762395, "177": 3.3974493035825364, "178": 2.504045290006473, "179": 2.9529638268161023, "180": 3.11004068134969, "181": 1.872787117301421, "182": 2.135414989570322, "183": 2.025153404810925, "184": 2.229022025282778, "185": 1.8429713376666699, "186": 2.350714091747663, "187": 2.380614158304749, "188": 2.778966736000891, "189": 2.7669939828248853, "190": 1.7345572906770812, "191": 2.7456167302785346, "192": 1.599456133318187, "193": 3.2494744234613964, "194": 2.113870332202645, "195": 2.1489744423601502, "196": 2.688734374462066, "197": 1.7706358101607549, "198": 1.8819051516727998, "199": 1.550082767070694, "200": 2.540125132001103, "201": 2.548199523141732, "202": 2.651514022270407, "203": 2.5908491352157994, "204": 2.6980886932008894, "205": 2.1841405466131882, "206": 2.1622409884612095, "207": 2.1247257593629034, "208": 3.219463742555319, "209": 2.082171477972096, "210": 2.499676707373066, "211": 2.2702898800531233, "212": 3.1315225736252135, "213": 2.722069638139129, "214": 2.2546450627553822, "215": 2.95499745641162, "216": 3.1259122949177662, "217": 2.339158621751906, "218": 2.4128459670863194, "219": 2.262949771358051, "220": 2.023596420512982, "221": 1.403398800191658, "222": 2.6061407170393704, "223": 2.0201213745770814, "224": 2.598265511790326, "225": 2.8311488924979256, "226": 2.3678486827352736, "227": 2.9000372263195096, "228": 2.4130683922444947, "229": 2.440437392929647, "230": 2.3051426299297764, "231": 2.3883756467518245, "232": 2.7579305794897024, "233": 1.3676869207676066, "234": 1.8409509586308925, "235": 2.90706167990761, "236": 2.6764667195472276, "237": 3.151995473352936, "238": 1.9796443418869203, "239": 2.7992359350810294, "240": 2.457778669857006, "241": 2.739613585693728, "242": 2.9598680144974425, "243": 2.6290345404476927, "244": 3.0667634085176294, "245": 2.2509314645616767, "246": 2.6942408365429733, "247": 3.2183645599741295, "248": 1.7482038388103303, "249": 2.4856863622044774, "250": 2.2840491170851793, "251": 2.9519528385218643, "252": 2.129007715751254, "253": 2.8639828178809346, "254": 2.397990494013628, "255": 2.1350128516209455, "256": 2.09270100700547, "257": 2.1160534443578087, "258": 1.9437824570362086, "259": 2.8470691469387335, "260": 4.008729098551167, "261": 2.615936063934275, "262": 2.5591922182036693, "263": 2.8232760518875293, "264": 2.017824066544514, "265": 2.834525703461786, "266": 1.7849417274052808, "267": 2.0466371070210174, "268": 2.3307270851130193, "269": 3.385759850802639, "270": 2.045450161259189, "271": 3.333538507822704, "272": 2.60367398420726, "273": 1.9156888982112392, "274": 2.8154118018073637, "275": 2.9647198688794094, "276": 2.6552363936954584, "277": 2.6521874991299486, "278": 2.953720801464561, "279": 2.297452964421969, "280": 2.2895587535134463, "281": 2.3723682575263765, "282": 1.8338039194900217, "283": 3.2641177800283594, "284": 2.268599843621824, "285": 2.8902925475003567, "286": 3.006270052531978, "287": 2.2427006375062133, "288": 2.268323931696953, "289": 2.353968370213448, "290": 2.410034943974051, "291": 3.187572054628523, "292": 2.972853771917612, "293": 2.506519820782055, "294": 2.37658989959226, "295": 2.5714703290634144, "296": 2.5603880537652284, "297": 2.759138357303666, "298": 2.3136266158906267, "299": 2.365180699859573, "300": 2.616410741155258, "301": 2.75557888266308, "302": 2.4639098807766198, "303": 2.0928681710334316, "304": 2.2813071120250337, "305": 2.1632786239835986,